דואר אדום · מזג אוויר · דעות · מוספים · בלייזר  · מדע · אסטרולוגיה · פרוגי · פרויקטים  · לימודים · בעלי מקצוע · ביטוח · חתונות · דרושים · אלבומים · רכב חדש · Englishשווה בדיקה תרבות ופנאילבית ולגןאוכל ומסעדות תיירותצפייה מומלצת,,סוריה: 'תקיפה ליד דמשק, מערכת הגנה הופעלה'הכנסת צפויה לאשר מחר את פיזורהחי: מכבי ת"א מפרקת את באר שבעאפל והקרב על השבב5 ילדיי לקו בתסמונת גנטית נדירהמיוחד ב-ynetשווה בדיקה ,ynet - חדשות, כלכלה, ספורט, בריאות,,
                    
                
                      

                
							
							
						
							
							
							
						ynet - חדשות, כלכלה, ספורט, בריאות
				 







			
		    





	





				
				
				
			
																
                                
								
								
								
								
					,,,הזוג שעבר מת"א לבית עץ בגולן, ופיתח שם אפליקציה שתגרום לכל הילדים לרצות לטייל הזוג שעבר מת"א לבית עץ בגולן, ופיתח שם אפליקציה שתגרום לכל הילדים לרצות לטייל  אסף אטדגי מביא את חבורת הסטנדאפ "בערך", להופיע בקיסריה בכל מחיר. "קיסריה אקספרס", פרקים 1-2  משימות האקסטרים והמתיחות המטורפות מהבלוג של סהר קליזו בסדרה חדשה. "פרויקט קליזו", פרק 1  התנקשות בגברים של אימפריית פשע מותירה את נשות המשפחה לבדן בעולם גברי ואלים. "מלכות", פרקים 1-2
  מצד אחד מדינת ישראל החילונית, בצד השני אוטונומיה חרדית, ובאמצע - חומה. "אוטונומיות", צפו בפרק הראשון ,